{"StoredDataFormats":[{"Tag":"Enemy 1","Pos":{"x":241.92001342773438,"y":217.82000732421876,"z":420.3999938964844},"Rot":{"x":0.018452409654855729,"y":0.6449490189552307,"z":0.016759753227233888,"w":-0.7638190388679504}},{"Tag":"Enemy 1","Pos":{"x":214.47003173828126,"y":218.49000549316407,"z":422.32000732421877},"Rot":{"x":0.0,"y":-0.9999969601631165,"z":0.0,"w":0.002476222813129425}},{"Tag":"Enemy 1","Pos":{"x":205.9200439453125,"y":214.1800079345703,"z":387.08001708984377},"Rot":{"x":0.0,"y":0.6241128444671631,"z":0.0,"w":0.7813342213630676}},{"Tag":"Enemy 1","Pos":{"x":250.21002197265626,"y":214.72000122070313,"z":377.44000244140627},"Rot":{"x":0.0,"y":0.06862035393714905,"z":0.0,"w":-0.9976428747177124}}]}