{"StoredDataFormats":[{"Tag":"Enemy 1","Pos":{"x":475.0703430175781,"y":222.3900146484375,"z":747.2214965820313},"Rot":{"x":0.0,"y":-0.3183920085430145,"z":0.0,"w":-0.9479591846466065}},{"Tag":"Enemy 1","Pos":{"x":483.74609375,"y":221.0,"z":752.80419921875},"Rot":{"x":0.0,"y":-0.9714854955673218,"z":0.0,"w":0.23709899187088014}},{"Tag":"Enemy 1","Pos":{"x":409.10601806640627,"y":245.5800018310547,"z":647.85546875},"Rot":{"x":0.0,"y":-0.06676428765058518,"z":0.0,"w":0.997768759727478}},{"Tag":"Enemy 1","Pos":{"x":392.73468017578127,"y":257.95001220703127,"z":703.7274780273438},"Rot":{"x":0.0,"y":-0.9953446984291077,"z":0.0,"w":-0.09637931734323502}}]}